EmployeeID,FirstName,LastName,NumDependents,HoursWorked,PayRate,StandardHours,OvertimeHours,StandardPay,OvertimePay,GrossPay,StateTax,FedTax,NetPay

2,sg,sg,3,12.0,35.0,12.0,0,420.0,0.0,420.0,23.52,33.18,363.3
8,iosdf,lngb,4,65.0,23.35,40,25.0,934.0,875.62,1809.62,101.33872,142.95998,1565.32
1,Fatimatou,Ibrahim,2,40.0,20.0,40.0,0.0,800.0,0.0,800.0,44.800000000000004,63.2,692.0
4,tyler,howard,3,45.0,17.77,40,5.0,710.8,133.27,844.07,47.267920000000004,66.68153000000001,730.12
4,Tyler,Howard,3,45.0,17.77,40,5.0,710.8,133.27,844.07,47.267920000000004,66.68153000000001,730.12
